YearStart,Topic,LocationAbbr,YearlyAvgPrevalence,RecordCount,PrevYearPrevalence,YoY_Change,YoY_ChangePercent,QualityStatus
2019,Asthma,AK,10.99,14,,,,VALID
2020,Asthma,AK,10.55,14,10.99,-0.44,-4.0,VALID
2021,Asthma,AK,11.18,16,10.55,0.63,5.97,VALID
2022,Asthma,AK,11.07,18,11.18,-0.11,-0.98,LOW_RECORDS
2015,Cancer,AK,183.82,123,,,,MISSING_STATES
2016,Cancer,AK,184.31,123,183.82,0.49,0.27,MISSING_STATES
2020,Cancer,AK,70.32,26,184.31,-113.99,-61.85,VALID
2022,Cancer,AK,56.2,22,70.32,-14.12,-20.08,VALID
2019,Cardiovascular Disease,AK,96.11,151,,,,VALID
2020,Cardiovascular Disease,AK,145.82,89,96.11,49.71,51.72,MISSING_STATES
2021,Cardiovascular Disease,AK,103.32,175,145.82,-42.5,-29.15,VALID
2019,Diabetes,AK,55.73,39,,,,VALID
2020,Diabetes,AK,75.73,53,55.73,20.0,35.89,VALID
2021,Diabetes,AK,89.14,48,75.73,13.41,17.71,VALID
2022,Diabetes,AK,10.1,21,89.14,-79.04,-88.67,LOW_RECORDS
2019,Asthma,AL,11.5,31,,,,VALID
2020,Asthma,AL,12.6,33,11.5,1.1,9.57,VALID
2021,Asthma,AL,13.33,30,12.6,0.73,5.79,VALID
2022,Asthma,AL,11.14,14,13.33,-2.19,-16.43,LOW_RECORDS
2015,Cancer,AL,1047.26,132,,,,MISSING_STATES
2016,Cancer,AL,1038.13,132,1047.26,-9.13,-0.87,MISSING_STATES
2020,Cancer,AL,76.38,22,1038.13,-961.75,-92.64,VALID
2022,Cancer,AL,65.23,16,76.38,-11.15,-14.6,VALID
2019,Cardiovascular Disease,AL,834.47,165,,,,VALID
2020,Cardiovascular Disease,AL,1364.06,99,834.47,529.59,63.46,MISSING_STATES
2021,Cardiovascular Disease,AL,881.72,161,1364.06,-482.34,-35.36,VALID
2019,Diabetes,AL,239.22,62,,,,VALID
2020,Diabetes,AL,319.61,66,239.22,80.39,33.61,VALID
2021,Diabetes,AL,349.8,68,319.61,30.19,9.45,VALID
2022,Diabetes,AL,15.74,13,349.8,-334.06,-95.5,LOW_RECORDS
2019,Asthma,AR,10.24,18,,,,VALID
2020,Asthma,AR,10.17,23,10.24,-0.07,-0.68,VALID
2021,Asthma,AR,10.68,19,10.17,0.51,5.01,VALID
2022,Asthma,AR,11.31,17,10.68,0.63,5.9,LOW_RECORDS
2015,Cancer,AR,729.12,129,,,,MISSING_STATES
2016,Cancer,AR,716.04,129,729.12,-13.08,-1.79,MISSING_STATES
2020,Cancer,AR,71.0,24,716.04,-645.04,-90.08,VALID
2022,Cancer,AR,54.47,20,71.0,-16.53,-23.28,VALID
2019,Cardiovascular Disease,AR,568.11,174,,,,VALID
2020,Cardiovascular Disease,AR,912.5,99,568.11,344.39,60.62,MISSING_STATES
2021,Cardiovascular Disease,AR,564.33,169,912.5,-348.17,-38.16,VALID
2019,Diabetes,AR,247.48,60,,,,VALID
2020,Diabetes,AR,291.85,69,247.48,44.37,17.93,VALID
2021,Diabetes,AR,306.77,69,291.85,14.92,5.11,VALID
2022,Diabetes,AR,15.84,19,306.77,-290.93,-94.84,LOW_RECORDS
2019,Asthma,AZ,15.18,36,,,,VALID
2020,Asthma,AZ,17.65,39,15.18,2.47,16.27,VALID
2021,Asthma,AZ,14.69,37,17.65,-2.96,-16.77,VALID
2022,Asthma,AZ,10.2,19,14.69,-4.49,-30.57,LOW_RECORDS
2015,Cancer,AZ,1082.16,150,,,,MISSING_STATES
2016,Cancer,AZ,1083.47,150,1082.16,1.31,0.12,MISSING_STATES
2020,Cancer,AZ,67.48,38,1083.47,-1015.99,-93.77,VALID
2022,Cancer,AZ,57.5,22,67.48,-9.98,-14.79,VALID
2019,Cardiovascular Disease,AZ,696.42,200,,,,VALID
2020,Cardiovascular Disease,AZ,1129.14,126,696.42,432.72,62.13,MISSING_STATES
2021,Cardiovascular Disease,AZ,731.99,208,1129.14,-397.15,-35.17,VALID
2019,Diabetes,AZ,346.03,71,,,,VALID
2020,Diabetes,AZ,441.98,82,346.03,95.95,27.73,VALID
2021,Diabetes,AZ,511.26,78,441.98,69.28,15.67,VALID
2022,Diabetes,AZ,13.93,18,511.26,-497.33,-97.28,LOW_RECORDS
2019,Asthma,CA,37.38,45,,,,VALID
2020,Asthma,CA,44.17,45,37.38,6.79,18.16,VALID
2021,Asthma,CA,35.72,45,44.17,-8.45,-19.13,VALID
2022,Asthma,CA,9.46,21,35.72,-26.26,-73.52,LOW_RECORDS
2015,Cancer,CA,4894.49,159,,,,MISSING_STATES
2016,Cancer,CA,4848.9,159,4894.49,-45.59,-0.93,MISSING_STATES
2020,Cancer,CA,67.98,30,4848.9,-4780.92,-98.6,VALID
2022,Cancer,CA,54.52,24,67.98,-13.46,-19.8,VALID
2019,Cardiovascular Disease,CA,3135.83,214,,,,VALID
2020,Cardiovascular Disease,CA,5027.01,132,3135.83,1891.18,60.31,MISSING_STATES
2021,Cardiovascular Disease,CA,3250.62,208,5027.01,-1776.39,-35.34,VALID
2019,Diabetes,CA,1665.55,82,,,,VALID
2020,Diabetes,CA,2349.58,80,1665.55,684.03,41.07,VALID
2021,Diabetes,CA,2452.72,81,2349.58,103.14,4.39,VALID
2022,Diabetes,CA,13.85,23,2452.72,-2438.87,-99.44,LOW_RECORDS
2019,Asthma,CO,12.15,30,,,,VALID
2020,Asthma,CO,12.28,31,12.15,0.13,1.07,VALID
2021,Asthma,CO,12.4,25,12.28,0.12,0.98,VALID
2022,Asthma,CO,11.38,17,12.4,-1.02,-8.23,LOW_RECORDS
2015,Cancer,CO,788.35,147,,,,MISSING_STATES
2016,Cancer,CO,794.95,147,788.35,6.6,0.84,MISSING_STATES
2020,Cancer,CO,67.28,35,794.95,-727.67,-91.54,VALID
2022,Cancer,CO,58.43,22,67.28,-8.85,-13.15,VALID
2019,Cardiovascular Disease,CO,434.73,193,,,,VALID
2020,Cardiovascular Disease,CO,714.2,111,434.73,279.47,64.29,MISSING_STATES
2021,Cardiovascular Disease,CO,449.61,190,714.2,-264.59,-37.05,VALID
2019,Diabetes,CO,303.9,67,,,,VALID
2020,Diabetes,CO,348.06,76,303.9,44.16,14.53,VALID
2021,Diabetes,CO,383.55,76,348.06,35.49,10.2,VALID
2022,Diabetes,CO,9.48,15,383.55,-374.07,-97.53,LOW_RECORDS
2019,Asthma,CT,11.97,30,,,,VALID
2020,Asthma,CT,11.87,24,11.97,-0.1,-0.84,VALID
2021,Asthma,CT,11.72,21,11.87,-0.15,-1.26,VALID
2022,Asthma,CT,12.67,19,11.72,0.95,8.11,LOW_RECORDS
2015,Cancer,CT,737.11,138,,,,MISSING_STATES
2016,Cancer,CT,728.7,138,737.11,-8.41,-1.14,MISSING_STATES
2020,Cancer,CT,75.97,30,728.7,-652.73,-89.57,VALID
2022,Cancer,CT,63.53,18,75.97,-12.44,-16.37,VALID
2019,Cardiovascular Disease,CT,521.23,172,,,,VALID
2020,Cardiovascular Disease,CT,781.78,102,521.23,260.55,49.99,MISSING_STATES
2021,Cardiovascular Disease,CT,485.13,172,781.78,-296.65,-37.95,VALID
2019,Diabetes,CT,162.03,63,,,,VALID
2020,Diabetes,CT,203.83,69,162.03,41.8,25.8,VALID
2021,Diabetes,CT,151.14,73,203.83,-52.69,-25.85,VALID
2022,Diabetes,CT,11.53,17,151.14,-139.61,-92.37,LOW_RECORDS
2019,Asthma,DC,14.15,16,,,,VALID
2020,Asthma,DC,11.13,14,14.15,-3.02,-21.34,VALID
2021,Asthma,DC,13.38,16,11.13,2.25,20.22,VALID
2022,Asthma,DC,11.19,15,13.38,-2.19,-16.37,LOW_RECORDS
2015,Cancer,DC,188.08,111,,,,MISSING_STATES
2016,Cancer,DC,184.52,111,188.08,-3.56,-1.89,MISSING_STATES
2020,Cancer,DC,76.58,26,184.52,-107.94,-58.5,VALID
2022,Cancer,DC,62.57,16,76.58,-14.01,-18.29,VALID
2019,Cardiovascular Disease,DC,147.7,144,,,,VALID
2020,Cardiovascular Disease,DC,237.03,83,147.7,89.33,60.48,MISSING_STATES
2021,Cardiovascular Disease,DC,145.47,151,237.03,-91.56,-38.63,VALID
2019,Diabetes,DC,94.0,36,,,,VALID
2020,Diabetes,DC,139.79,48,94.0,45.79,48.71,VALID
2021,Diabetes,DC,116.22,50,139.79,-23.57,-16.86,VALID
2022,Diabetes,DC,9.31,13,116.22,-106.91,-91.99,LOW_RECORDS
2019,Asthma,DE,10.94,14,,,,VALID
2020,Asthma,DE,11.79,14,10.94,0.85,7.77,VALID
2021,Asthma,DE,11.12,15,11.79,-0.67,-5.68,VALID
2022,Asthma,DE,10.11,15,11.12,-1.01,-9.08,LOW_RECORDS
2015,Cancer,DE,312.6,120,,,,MISSING_STATES
2016,Cancer,DE,302.32,123,312.6,-10.28,-3.29,MISSING_STATES
2020,Cancer,DE,72.16,26,302.32,-230.16,-76.13,VALID
2022,Cancer,DE,64.44,16,72.16,-7.72,-10.7,VALID
2019,Cardiovascular Disease,DE,207.71,153,,,,VALID
2020,Cardiovascular Disease,DE,350.1,83,207.71,142.39,68.55,MISSING_STATES
2021,Cardiovascular Disease,DE,216.27,155,350.1,-133.83,-38.23,VALID
2019,Diabetes,DE,94.19,41,,,,VALID
2020,Diabetes,DE,145.52,47,94.19,51.33,54.5,VALID
2021,Diabetes,DE,158.07,47,145.52,12.55,8.62,VALID
2022,Diabetes,DE,14.02,16,158.07,-144.05,-91.13,LOW_RECORDS
2019,Asthma,FL,23.46,40,,,,VALID
2020,Asthma,FL,26.57,40,23.46,3.11,13.26,VALID
2021,Asthma,FL,34.35,24,26.57,7.78,29.28,VALID
2022,Asthma,FL,10.62,17,34.35,-23.73,-69.08,LOW_RECORDS
2015,Cancer,FL,4031.37,153,,,,MISSING_STATES
2016,Cancer,FL,3944.19,156,4031.37,-87.18,-2.16,MISSING_STATES
2020,Cancer,FL,73.14,33,3944.19,-3871.05,-98.15,VALID
2022,Cancer,FL,61.89,26,73.14,-11.25,-15.38,VALID
2019,Cardiovascular Disease,FL,2778.72,202,,,,VALID
2020,Cardiovascular Disease,FL,4577.16,120,2778.72,1798.44,64.72,MISSING_STATES
2021,Cardiovascular Disease,FL,4774.11,120,4577.16,196.95,4.3,VALID
2019,Diabetes,FL,923.06,78,,,,VALID
2020,Diabetes,FL,1576.29,68,923.06,653.23,70.77,VALID
2021,Diabetes,FL,1831.42,57,1576.29,255.13,16.19,VALID
2022,Diabetes,FL,12.19,16,1831.42,-1819.23,-99.33,LOW_RECORDS
2019,Asthma,GA,16.47,36,,,,VALID
2020,Asthma,GA,17.6,38,16.47,1.13,6.86,VALID
2021,Asthma,GA,16.28,36,17.6,-1.32,-7.5,VALID
2022,Asthma,GA,9.48,15,16.28,-6.8,-41.77,LOW_RECORDS
2015,Cancer,GA,1686.49,147,,,,MISSING_STATES
2016,Cancer,GA,1734.26,144,1686.49,47.77,2.83,MISSING_STATES
2020,Cancer,GA,68.78,32,1734.26,-1665.48,-96.03,VALID
2022,Cancer,GA,56.43,22,68.78,-12.35,-17.96,VALID
2019,Cardiovascular Disease,GA,1229.77,170,,,,VALID
2020,Cardiovascular Disease,GA,1951.42,105,1229.77,721.65,58.68,MISSING_STATES
2021,Cardiovascular Disease,GA,1214.33,181,1951.42,-737.09,-37.77,VALID
2019,Diabetes,GA,470.04,68,,,,VALID
2020,Diabetes,GA,621.23,69,470.04,151.19,32.17,VALID
2021,Diabetes,GA,696.67,69,621.23,75.44,12.14,VALID
2022,Diabetes,GA,13.07,17,696.67,-683.6,-98.12,LOW_RECORDS
2019,Asthma,GU,6.01,14,,,,VALID
2020,Asthma,GU,5.36,14,6.01,-0.65,-10.82,VALID
2021,Asthma,GU,5.29,13,5.36,-0.07,-1.31,VALID
2022,Asthma,GU,7.35,11,5.29,2.06,38.94,LOW_RECORDS
2020,Cancer,GU,60.84,32,,,,VALID
2022,Cancer,GU,46.67,18,60.84,-14.17,-23.29,VALID
2019,Cardiovascular Disease,GU,40.88,76,,,,VALID
2021,Cardiovascular Disease,GU,42.35,74,40.88,1.47,3.6,VALID
2019,Diabetes,GU,13.25,17,,,,VALID
2020,Diabetes,GU,14.51,15,13.25,1.26,9.51,VALID
2021,Diabetes,GU,13.04,16,14.51,-1.47,-10.13,VALID
2022,Diabetes,GU,23.72,16,13.04,10.68,81.9,LOW_RECORDS
2019,Asthma,HI,10.85,21,,,,VALID
2020,Asthma,HI,10.16,21,10.85,-0.69,-6.36,VALID
2021,Asthma,HI,9.31,21,10.16,-0.85,-8.37,VALID
2022,Asthma,HI,9.74,19,9.31,0.43,4.62,LOW_RECORDS
2015,Cancer,HI,354.19,126,,,,MISSING_STATES
2016,Cancer,HI,344.05,129,354.19,-10.14,-2.86,MISSING_STATES
2020,Cancer,HI,75.95,40,344.05,-268.1,-77.92,VALID
2022,Cancer,HI,64.84,24,75.95,-11.11,-14.63,VALID
2019,Cardiovascular Disease,HI,181.2,187,,,,VALID
2020,Cardiovascular Disease,HI,294.14,104,181.2,112.94,62.33,MISSING_STATES
2021,Cardiovascular Disease,HI,191.11,186,294.14,-103.03,-35.03,VALID
2019,Diabetes,HI,116.52,54,,,,VALID
2020,Diabetes,HI,129.03,55,116.52,12.51,10.74,VALID
2021,Diabetes,HI,136.55,55,129.03,7.52,5.83,VALID
2022,Diabetes,HI,11.39,19,136.55,-125.16,-91.66,LOW_RECORDS
2019,Asthma,IA,11.9,30,,,,VALID
2020,Asthma,IA,11.0,30,11.9,-0.9,-7.56,VALID
2021,Asthma,IA,11.72,25,11.0,0.72,6.55,VALID
2022,Asthma,IA,11.36,17,11.72,-0.36,-3.07,LOW_RECORDS
2015,Cancer,IA,712.79,135,,,,MISSING_STATES
2016,Cancer,IA,709.04,135,712.79,-3.75,-0.53,MISSING_STATES
2020,Cancer,IA,71.28,26,709.04,-637.76,-89.95,VALID
2022,Cancer,IA,61.56,16,71.28,-9.72,-13.64,VALID
2019,Cardiovascular Disease,IA,496.97,165,,,,VALID
2020,Cardiovascular Disease,IA,814.95,94,496.97,317.98,63.98,MISSING_STATES
2021,Cardiovascular Disease,IA,485.61,167,814.95,-329.34,-40.41,VALID
2019,Diabetes,IA,292.01,55,,,,VALID
2020,Diabetes,IA,337.6,64,292.01,45.59,15.61,VALID
2021,Diabetes,IA,348.99,59,337.6,11.39,3.37,VALID
2022,Diabetes,IA,12.84,17,348.99,-336.15,-96.32,LOW_RECORDS
2019,Asthma,ID,11.4,12,,,,VALID
2020,Asthma,ID,9.49,18,11.4,-1.91,-16.75,VALID
2021,Asthma,ID,11.0,13,9.49,1.51,15.91,VALID
2022,Asthma,ID,11.86,15,11.0,0.86,7.82,LOW_RECORDS
2015,Cancer,ID,429.09,114,,,,MISSING_STATES
2016,Cancer,ID,422.22,117,429.09,-6.87,-1.6,MISSING_STATES
2020,Cancer,ID,64.88,21,422.22,-357.34,-84.63,VALID
2022,Cancer,ID,57.37,18,64.88,-7.51,-11.58,VALID
2019,Cardiovascular Disease,ID,256.29,133,,,,VALID
2020,Cardiovascular Disease,ID,400.07,82,256.29,143.78,56.1,MISSING_STATES
2021,Cardiovascular Disease,ID,261.35,142,400.07,-138.72,-34.67,VALID
2019,Diabetes,ID,210.73,40,,,,VALID
2020,Diabetes,ID,213.1,51,210.73,2.37,1.12,VALID
2021,Diabetes,ID,241.38,52,213.1,28.28,13.27,VALID
2022,Diabetes,ID,10.32,15,241.38,-231.06,-95.72,LOW_RECORDS
2019,Asthma,IL,23.38,37,,,,VALID
2020,Asthma,IL,23.95,35,23.38,0.57,2.44,VALID
2021,Asthma,IL,18.38,35,23.95,-5.57,-23.26,VALID
2022,Asthma,IL,8.98,15,18.38,-9.4,-51.14,LOW_RECORDS
2015,Cancer,IL,2285.56,144,,,,MISSING_STATES
2016,Cancer,IL,2257.14,144,2285.56,-28.42,-1.24,MISSING_STATES
2020,Cancer,IL,69.0,30,2257.14,-2188.14,-96.94,VALID
2022,Cancer,IL,59.03,18,69.0,-9.97,-14.45,VALID
2019,Cardiovascular Disease,IL,1640.32,182,,,,VALID
2020,Cardiovascular Disease,IL,2651.43,108,1640.32,1011.11,61.64,MISSING_STATES
2021,Cardiovascular Disease,IL,1683.51,174,2651.43,-967.92,-36.51,VALID
2019,Diabetes,IL,510.6,70,,,,VALID
2020,Diabetes,IL,803.37,74,510.6,292.77,57.34,VALID
2021,Diabetes,IL,691.08,74,803.37,-112.29,-13.98,VALID
2022,Diabetes,IL,12.75,17,691.08,-678.33,-98.16,LOW_RECORDS
2019,Asthma,IN,14.47,37,,,,VALID
2020,Asthma,IN,14.05,32,14.47,-0.42,-2.9,VALID
2021,Asthma,IN,14.89,33,14.05,0.84,5.98,VALID
2022,Asthma,IN,12.36,19,14.89,-2.53,-16.99,LOW_RECORDS
2015,Cancer,IN,1273.3,141,,,,MISSING_STATES
2016,Cancer,IN,541.91,117,1273.3,-731.39,-57.44,MISSING_STATES
2020,Cancer,IN,70.23,28,541.91,-471.68,-87.04,VALID
2022,Cancer,IN,58.41,18,70.23,-11.82,-16.83,VALID
2019,Cardiovascular Disease,IN,952.23,173,,,,VALID
2020,Cardiovascular Disease,IN,1540.1,102,952.23,587.87,61.74,MISSING_STATES
2021,Cardiovascular Disease,IN,908.08,181,1540.1,-632.02,-41.04,VALID
2019,Diabetes,IN,456.86,64,,,,VALID
2020,Diabetes,IN,603.33,65,456.86,146.47,32.06,VALID
2021,Diabetes,IN,602.47,66,603.33,-0.86,-0.14,VALID
2022,Diabetes,IN,13.41,18,602.47,-589.06,-97.77,LOW_RECORDS
2019,Asthma,KS,11.38,24,,,,VALID
2020,Asthma,KS,11.73,24,11.38,0.35,3.08,VALID
2021,Asthma,KS,12.82,24,11.73,1.09,9.29,VALID
2022,Asthma,KS,11.48,17,12.82,-1.34,-10.45,LOW_RECORDS
2015,Cancer,KS,587.87,138,,,,MISSING_STATES
2016,Cancer,KS,582.48,138,587.87,-5.39,-0.92,MISSING_STATES
2020,Cancer,KS,68.25,32,582.48,-514.23,-88.28,VALID
2022,Cancer,KS,57.49,20,68.25,-10.76,-15.77,VALID
2019,Cardiovascular Disease,KS,380.27,191,,,,VALID
2020,Cardiovascular Disease,KS,582.66,117,380.27,202.39,53.22,MISSING_STATES
2021,Cardiovascular Disease,KS,368.25,196,582.66,-214.41,-36.8,VALID
2019,Diabetes,KS,181.93,66,,,,VALID
2020,Diabetes,KS,215.9,76,181.93,33.97,18.67,VALID
2021,Diabetes,KS,201.64,76,215.9,-14.26,-6.6,VALID
2022,Diabetes,KS,12.71,21,201.64,-188.93,-93.7,LOW_RECORDS
2019,Asthma,KY,10.25,22,,,,VALID
2020,Asthma,KY,13.52,23,10.25,3.27,31.9,VALID
2021,Asthma,KY,13.1,17,13.52,-0.42,-3.11,VALID
2022,Asthma,KY,11.09,13,13.1,-2.01,-15.34,LOW_RECORDS
2015,Cancer,KY,1090.99,129,,,,MISSING_STATES
2016,Cancer,KY,1105.25,126,1090.99,14.26,1.31,MISSING_STATES
2020,Cancer,KY,75.0,21,1105.25,-1030.25,-93.21,VALID
2022,Cancer,KY,64.8,14,75.0,-10.2,-13.6,VALID
2019,Cardiovascular Disease,KY,847.53,148,,,,VALID
2020,Cardiovascular Disease,KY,1291.3,93,847.53,443.77,52.36,MISSING_STATES
2021,Cardiovascular Disease,KY,808.64,155,1291.3,-482.66,-37.38,VALID
2019,Diabetes,KY,501.59,62,,,,VALID
2020,Diabetes,KY,573.29,64,501.59,71.7,14.29,VALID
2021,Diabetes,KY,668.0,62,573.29,94.71,16.52,VALID
2022,Diabetes,KY,14.8,13,668.0,-653.2,-97.78,LOW_RECORDS
2019,Asthma,LA,9.59,18,,,,VALID
2020,Asthma,LA,10.27,29,9.59,0.68,7.09,VALID
2021,Asthma,LA,10.37,26,10.27,0.1,0.97,VALID
2022,Asthma,LA,10.07,13,10.37,-0.3,-2.89,LOW_RECORDS
2015,Cancer,LA,936.38,141,,,,MISSING_STATES
2016,Cancer,LA,929.35,141,936.38,-7.03,-0.75,MISSING_STATES
2020,Cancer,LA,73.34,24,929.35,-856.01,-92.11,VALID
2022,Cancer,LA,67.08,18,73.34,-6.26,-8.54,VALID
2019,Cardiovascular Disease,LA,711.2,176,,,,VALID
2020,Cardiovascular Disease,LA,1168.75,105,711.2,457.55,64.33,MISSING_STATES
2021,Cardiovascular Disease,LA,773.61,171,1168.75,-395.14,-33.81,VALID
2019,Diabetes,LA,264.41,69,,,,VALID
2020,Diabetes,LA,394.04,69,264.41,129.63,49.03,VALID
2021,Diabetes,LA,404.46,67,394.04,10.42,2.64,VALID
2022,Diabetes,LA,14.29,19,404.46,-390.17,-96.47,LOW_RECORDS
2019,Asthma,MA,14.51,35,,,,VALID
2020,Asthma,MA,15.94,33,14.51,1.43,9.86,VALID
2021,Asthma,MA,14.61,35,15.94,-1.33,-8.34,VALID
2022,Asthma,MA,11.84,17,14.61,-2.77,-18.96,LOW_RECORDS
2015,Cancer,MA,1262.7,144,,,,MISSING_STATES
2016,Cancer,MA,1218.42,147,1262.7,-44.28,-3.51,MISSING_STATES
2020,Cancer,MA,76.35,32,1218.42,-1142.07,-93.73,VALID
2022,Cancer,MA,62.57,20,76.35,-13.78,-18.05,VALID
2019,Cardiovascular Disease,MA,844.46,180,,,,VALID
2020,Cardiovascular Disease,MA,1289.02,105,844.46,444.56,52.64,MISSING_STATES
2021,Cardiovascular Disease,MA,827.69,178,1289.02,-461.33,-35.79,VALID
2019,Diabetes,MA,261.52,69,,,,VALID
2020,Diabetes,MA,347.23,69,261.52,85.71,32.77,VALID
2021,Diabetes,MA,311.66,72,347.23,-35.57,-10.24,VALID
2022,Diabetes,MA,12.09,20,311.66,-299.57,-96.12,LOW_RECORDS
2019,Asthma,MD,13.05,39,,,,VALID
2020,Asthma,MD,13.42,41,13.05,0.37,2.84,VALID
2021,Asthma,MD,13.2,40,13.42,-0.22,-1.64,VALID
2022,Asthma,MD,10.26,19,13.2,-2.94,-22.27,LOW_RECORDS
2015,Cancer,MD,1060.73,147,,,,MISSING_STATES
2016,Cancer,MD,1056.1,147,1060.73,-4.63,-0.44,MISSING_STATES
2020,Cancer,MD,75.22,36,1056.1,-980.88,-92.88,VALID
2022,Cancer,MD,64.8,24,75.22,-10.42,-13.85,VALID
2019,Cardiovascular Disease,MD,721.54,184,,,,VALID
2020,Cardiovascular Disease,MD,1250.12,102,721.54,528.58,73.26,MISSING_STATES
2021,Cardiovascular Disease,MD,698.32,187,1250.12,-551.8,-44.14,VALID
2019,Diabetes,MD,336.85,73,,,,VALID
2020,Diabetes,MD,487.68,73,336.85,150.83,44.78,VALID
2021,Diabetes,MD,520.83,69,487.68,33.15,6.8,VALID
2022,Diabetes,MD,12.98,21,520.83,-507.85,-97.51,LOW_RECORDS
2019,Asthma,ME,15.48,13,,,,VALID
2020,Asthma,ME,11.71,10,15.48,-3.77,-24.35,VALID
2021,Asthma,ME,15.51,16,11.71,3.8,32.45,VALID
2022,Asthma,ME,15.11,17,15.51,-0.4,-2.58,LOW_RECORDS
2015,Cancer,ME,505.68,105,,,,MISSING_STATES
2016,Cancer,ME,504.36,105,505.68,-1.32,-0.26,MISSING_STATES
2020,Cancer,ME,77.0,22,504.36,-427.36,-84.73,VALID
2022,Cancer,ME,68.14,18,77.0,-8.86,-11.51,VALID
2019,Cardiovascular Disease,ME,307.91,123,,,,VALID
2020,Cardiovascular Disease,ME,548.21,62,307.91,240.3,78.04,MISSING_STATES
2021,Cardiovascular Disease,ME,299.72,133,548.21,-248.49,-45.33,VALID
2019,Diabetes,ME,172.47,38,,,,VALID
2020,Diabetes,ME,189.24,39,172.47,16.77,9.72,VALID
2021,Diabetes,ME,189.96,44,189.24,0.72,0.38,VALID
2022,Diabetes,ME,12.16,17,189.96,-177.8,-93.6,LOW_RECORDS
2019,Asthma,MI,17.43,37,,,,VALID
2020,Asthma,MI,20.38,37,17.43,2.95,16.92,VALID
2021,Asthma,MI,15.42,39,20.38,-4.96,-24.34,VALID
2022,Asthma,MI,13.41,17,15.42,-2.01,-13.04,LOW_RECORDS
2015,Cancer,MI,1808.42,150,,,,MISSING_STATES
2016,Cancer,MI,1829.45,147,1808.42,21.03,1.16,MISSING_STATES
2020,Cancer,MI,75.61,28,1829.45,-1753.84,-95.87,VALID
2022,Cancer,MI,58.98,22,75.61,-16.63,-21.99,VALID
2019,Cardiovascular Disease,MI,1465.38,199,,,,VALID
2020,Cardiovascular Disease,MI,2362.3,120,1465.38,896.92,61.21,MISSING_STATES
2021,Cardiovascular Disease,MI,1414.12,202,2362.3,-948.18,-40.14,VALID
2019,Diabetes,MI,489.8,77,,,,VALID
2020,Diabetes,MI,664.43,76,489.8,174.63,35.65,VALID
2021,Diabetes,MI,673.11,78,664.43,8.68,1.31,VALID
2022,Diabetes,MI,11.86,17,673.11,-661.25,-98.24,LOW_RECORDS
2019,Asthma,MN,13.91,38,,,,VALID
2020,Asthma,MN,14.76,36,13.91,0.85,6.11,VALID
2021,Asthma,MN,12.25,34,14.76,-2.51,-17.01,VALID
2022,Asthma,MN,11.61,21,12.25,-0.64,-5.22,LOW_RECORDS
2015,Cancer,MN,995.56,150,,,,MISSING_STATES
2016,Cancer,MN,1012.09,147,995.56,16.53,1.66,MISSING_STATES
2020,Cancer,MN,71.41,41,1012.09,-940.68,-92.94,VALID
2022,Cancer,MN,59.37,22,71.41,-12.04,-16.86,VALID
2019,Cardiovascular Disease,MN,538.17,193,,,,VALID
2020,Cardiovascular Disease,MN,830.05,114,538.17,291.88,54.24,MISSING_STATES
2021,Cardiovascular Disease,MN,502.75,201,830.05,-327.3,-39.43,VALID
2019,Diabetes,MN,370.62,76,,,,VALID
2020,Diabetes,MN,454.27,80,370.62,83.65,22.57,VALID
2021,Diabetes,MN,467.02,78,454.27,12.75,2.81,VALID
2022,Diabetes,MN,11.5,21,467.02,-455.52,-97.54,LOW_RECORDS
2019,Asthma,MO,12.83,32,,,,VALID
2020,Asthma,MO,11.92,32,12.83,-0.91,-7.09,VALID
2021,Asthma,MO,13.56,37,11.92,1.64,13.76,VALID
2022,Asthma,MO,11.73,17,13.56,-1.83,-13.5,LOW_RECORDS
2015,Cancer,MO,1240.2,138,,,,MISSING_STATES
2016,Cancer,MO,1235.42,138,1240.2,-4.78,-0.39,MISSING_STATES
2020,Cancer,MO,70.23,30,1235.42,-1165.19,-94.32,VALID
2022,Cancer,MO,58.86,18,70.23,-11.37,-16.19,VALID
2019,Cardiovascular Disease,MO,931.58,181,,,,VALID
2020,Cardiovascular Disease,MO,1504.59,108,931.58,573.01,61.51,MISSING_STATES
2021,Cardiovascular Disease,MO,891.34,190,1504.59,-613.25,-40.76,VALID
2019,Diabetes,MO,304.78,68,,,,VALID
2020,Diabetes,MO,387.16,71,304.78,82.38,27.03,VALID
2021,Diabetes,MO,367.78,78,387.16,-19.38,-5.01,VALID
2022,Diabetes,MO,12.95,17,367.78,-354.83,-96.48,LOW_RECORDS
2019,Asthma,MS,12.1,29,,,,VALID
2020,Asthma,MS,11.34,31,12.1,-0.76,-6.28,VALID
2021,Asthma,MS,10.31,27,11.34,-1.03,-9.08,VALID
2022,Asthma,MS,9.32,13,10.31,-0.99,-9.6,LOW_RECORDS
2015,Cancer,MS,760.89,120,,,,MISSING_STATES
2016,Cancer,MS,718.1,126,760.89,-42.79,-5.62,MISSING_STATES
2020,Cancer,MS,72.13,22,718.1,-645.97,-89.96,VALID
2022,Cancer,MS,61.09,16,72.13,-11.04,-15.31,VALID
2019,Cardiovascular Disease,MS,632.93,145,,,,VALID
2020,Cardiovascular Disease,MS,993.54,90,632.93,360.61,56.97,MISSING_STATES
2021,Cardiovascular Disease,MS,645.77,145,993.54,-347.77,-35.0,VALID
2019,Diabetes,MS,358.16,56,,,,VALID
2020,Diabetes,MS,421.59,68,358.16,63.43,17.71,VALID
2021,Diabetes,MS,469.56,66,421.59,47.97,11.38,VALID
2022,Diabetes,MS,15.43,13,469.56,-454.13,-96.71,LOW_RECORDS
2019,Asthma,MT,12.2,16,,,,VALID
2020,Asthma,MT,12.96,14,12.2,0.76,6.23,VALID
2021,Asthma,MT,12.17,16,12.96,-0.79,-6.1,VALID
2022,Asthma,MT,13.37,17,12.17,1.2,9.86,LOW_RECORDS
2015,Cancer,MT,348.43,111,,,,MISSING_STATES
2016,Cancer,MT,351.98,108,348.43,3.55,1.02,MISSING_STATES
2020,Cancer,MT,66.73,26,351.98,-285.25,-81.04,VALID
2022,Cancer,MT,59.49,18,66.73,-7.24,-10.85,VALID
2019,Cardiovascular Disease,MT,203.35,142,,,,VALID
2020,Cardiovascular Disease,MT,338.45,79,203.35,135.1,66.44,MISSING_STATES
2021,Cardiovascular Disease,MT,212.51,145,338.45,-125.94,-37.21,VALID
2019,Diabetes,MT,120.03,48,,,,VALID
2020,Diabetes,MT,149.13,53,120.03,29.1,24.24,VALID
2021,Diabetes,MT,150.01,58,149.13,0.88,0.59,VALID
2022,Diabetes,MT,9.24,17,150.01,-140.77,-93.84,LOW_RECORDS
2019,Asthma,NC,14.03,35,,,,VALID
2020,Asthma,NC,17.74,37,14.03,3.71,26.44,VALID
2021,Asthma,NC,16.4,36,17.74,-1.34,-7.55,VALID
2022,Asthma,NC,9.68,17,16.4,-6.72,-40.98,LOW_RECORDS
2015,Cancer,NC,1792.68,153,,,,MISSING_STATES
2016,Cancer,NC,1794.68,153,1792.68,2.0,0.11,MISSING_STATES
2020,Cancer,NC,72.94,30,1794.68,-1721.74,-95.94,VALID
2022,Cancer,NC,61.6,18,72.94,-11.34,-15.55,VALID
2019,Cardiovascular Disease,NC,1250.78,187,,,,VALID
2020,Cardiovascular Disease,NC,1902.01,117,1250.78,651.23,52.07,MISSING_STATES
2021,Cardiovascular Disease,NC,1209.89,194,1902.01,-692.12,-36.39,VALID
2019,Diabetes,NC,511.35,74,,,,VALID
2020,Diabetes,NC,687.25,68,511.35,175.9,34.4,VALID
2021,Diabetes,NC,741.29,71,687.25,54.04,7.86,VALID
2022,Diabetes,NC,13.14,18,741.29,-728.15,-98.23,LOW_RECORDS
2019,Asthma,ND,8.88,11,,,,VALID
2020,Asthma,ND,12.05,13,8.88,3.17,35.7,VALID
2021,Asthma,ND,9.63,12,12.05,-2.42,-20.08,VALID
2022,Asthma,ND,11.03,13,9.63,1.4,14.54,LOW_RECORDS
2015,Cancer,ND,207.98,93,,,,MISSING_STATES
2016,Cancer,ND,207.52,93,207.98,-0.46,-0.22,MISSING_STATES
2020,Cancer,ND,71.78,21,207.52,-135.74,-65.41,VALID
2022,Cancer,ND,63.36,14,71.78,-8.42,-11.73,VALID
2019,Cardiovascular Disease,ND,175.72,126,,,,VALID
2020,Cardiovascular Disease,ND,267.31,71,175.72,91.59,52.12,MISSING_STATES
2021,Cardiovascular Disease,ND,159.45,134,267.31,-107.86,-40.35,VALID
2019,Diabetes,ND,115.22,37,,,,VALID
2020,Diabetes,ND,140.27,40,115.22,25.05,21.74,VALID
2021,Diabetes,ND,125.55,42,140.27,-14.72,-10.49,VALID
2022,Diabetes,ND,11.53,13,125.55,-114.02,-90.82,LOW_RECORDS
2019,Asthma,NE,10.9,27,,,,VALID
2020,Asthma,NE,10.33,21,10.9,-0.57,-5.23,VALID
2021,Asthma,NE,9.52,21,10.33,-0.81,-7.84,VALID
2022,Asthma,NE,7.68,13,9.52,-1.84,-19.33,LOW_RECORDS
2015,Cancer,NE,441.43,129,,,,MISSING_STATES
2016,Cancer,NE,435.85,129,441.43,-5.58,-1.26,MISSING_STATES
2020,Cancer,NE,67.65,31,435.85,-368.2,-84.48,VALID
2022,Cancer,NE,57.88,18,67.65,-9.77,-14.44,VALID
2019,Cardiovascular Disease,NE,241.85,176,,,,VALID
2020,Cardiovascular Disease,NE,427.76,88,241.85,185.91,76.87,MISSING_STATES
2021,Cardiovascular Disease,NE,248.67,175,427.76,-179.09,-41.87,VALID
2019,Diabetes,NE,179.32,62,,,,VALID
2020,Diabetes,NE,244.45,61,179.32,65.13,36.32,VALID
2021,Diabetes,NE,217.87,67,244.45,-26.58,-10.87,VALID
2022,Diabetes,NE,13.52,18,217.87,-204.35,-93.79,LOW_RECORDS
2019,Asthma,NH,11.88,10,,,,VALID
2020,Asthma,NH,13.89,13,11.88,2.01,16.92,VALID
2021,Asthma,NH,12.82,12,13.89,-1.07,-7.7,VALID
2022,Asthma,NH,14.18,14,12.82,1.36,10.61,LOW_RECORDS
2015,Cancer,NH,483.09,99,,,,MISSING_STATES
2016,Cancer,NH,480.85,99,483.09,-2.24,-0.46,MISSING_STATES
2020,Cancer,NH,74.8,16,480.85,-406.05,-84.44,VALID
2022,Cancer,NH,67.45,12,74.8,-7.35,-9.83,VALID
2019,Cardiovascular Disease,NH,321.22,110,,,,VALID
2020,Cardiovascular Disease,NH,484.07,67,321.22,162.85,50.7,MISSING_STATES
2021,Cardiovascular Disease,NH,278.75,131,484.07,-205.32,-42.42,VALID
2019,Diabetes,NH,154.01,37,,,,VALID
2020,Diabetes,NH,185.44,36,154.01,31.43,20.41,VALID
2021,Diabetes,NH,190.07,38,185.44,4.63,2.5,VALID
2022,Diabetes,NH,9.52,11,190.07,-180.55,-94.99,LOW_RECORDS
2019,Asthma,NJ,19.62,24,,,,VALID
2020,Asthma,NJ,18.13,42,19.62,-1.49,-7.59,VALID
2021,Asthma,NJ,16.43,42,18.13,-1.7,-9.38,VALID
2022,Asthma,NJ,9.64,16,16.43,-6.79,-41.33,LOW_RECORDS
2015,Cancer,NJ,1694.99,141,,,,MISSING_STATES
2016,Cancer,NJ,1673.86,141,1694.99,-21.13,-1.25,MISSING_STATES
2020,Cancer,NJ,72.26,37,1673.86,-1601.6,-95.68,VALID
2022,Cancer,NJ,60.57,20,72.26,-11.69,-16.18,VALID
2019,Cardiovascular Disease,NJ,1967.32,108,,,,VALID
2020,Cardiovascular Disease,NJ,1826.17,111,1967.32,-141.15,-7.17,MISSING_STATES
2021,Cardiovascular Disease,NJ,1150.49,179,1826.17,-675.68,-37.0,VALID
2019,Diabetes,NJ,442.6,56,,,,VALID
2020,Diabetes,NJ,486.29,77,442.6,43.69,9.87,VALID
2021,Diabetes,NJ,400.07,76,486.29,-86.22,-17.73,VALID
2022,Diabetes,NJ,11.45,17,400.07,-388.62,-97.14,LOW_RECORDS
2019,Asthma,NM,8.93,17,,,,VALID
2020,Asthma,NM,11.11,22,8.93,2.18,24.41,VALID
2021,Asthma,NM,10.08,20,11.11,-1.03,-9.27,VALID
2022,Asthma,NM,10.35,15,10.08,0.27,2.68,LOW_RECORDS
2015,Cancer,NM,381.83,141,,,,MISSING_STATES
2016,Cancer,NM,376.32,141,381.83,-5.51,-1.44,MISSING_STATES
2020,Cancer,NM,69.33,28,376.32,-306.99,-81.58,VALID
2022,Cancer,NM,57.16,18,69.33,-12.17,-17.55,VALID
2019,Cardiovascular Disease,NM,296.78,176,,,,VALID
2020,Cardiovascular Disease,NM,451.99,105,296.78,155.21,52.3,MISSING_STATES
2021,Cardiovascular Disease,NM,284.37,178,451.99,-167.62,-37.08,VALID
2019,Diabetes,NM,156.74,65,,,,VALID
2020,Diabetes,NM,208.48,70,156.74,51.74,33.01,VALID
2021,Diabetes,NM,223.6,68,208.48,15.12,7.25,VALID
2022,Diabetes,NM,14.78,18,223.6,-208.82,-93.39,LOW_RECORDS
2019,Asthma,NV,10.08,17,,,,VALID
2020,Asthma,NV,11.13,23,10.08,1.05,10.42,VALID
2021,Asthma,NV,9.64,15,11.13,-1.49,-13.39,VALID
2022,Asthma,NV,10.23,15,9.64,0.59,6.12,LOW_RECORDS
2015,Cancer,NV,487.1,150,,,,MISSING_STATES
2016,Cancer,NV,214.77,126,487.1,-272.33,-55.91,MISSING_STATES
2020,Cancer,NV,68.63,24,214.77,-146.14,-68.04,VALID
2022,Cancer,NV,56.78,16,68.63,-11.85,-17.27,VALID
2019,Cardiovascular Disease,NV,393.62,193,,,,VALID
2020,Cardiovascular Disease,NV,595.19,123,393.62,201.57,51.21,MISSING_STATES
2021,Cardiovascular Disease,NV,398.13,196,595.19,-197.06,-33.11,VALID
2019,Diabetes,NV,165.35,70,,,,VALID
2020,Diabetes,NV,216.64,73,165.35,51.29,31.02,VALID
2021,Diabetes,NV,241.75,76,216.64,25.11,11.59,VALID
2022,Diabetes,NV,10.51,15,241.75,-231.24,-95.65,LOW_RECORDS
2019,Asthma,NY,32.05,43,,,,VALID
2020,Asthma,NY,36.4,43,32.05,4.35,13.57,VALID
2021,Asthma,NY,27.83,44,36.4,-8.57,-23.54,VALID
2022,Asthma,NY,11.21,19,27.83,-16.62,-59.72,LOW_RECORDS
2015,Cancer,NY,3324.63,153,,,,MISSING_STATES
2016,Cancer,NY,3338.85,150,3324.63,14.22,0.43,MISSING_STATES
2020,Cancer,NY,74.72,37,3338.85,-3264.13,-97.76,VALID
2022,Cancer,NY,61.75,26,74.72,-12.97,-17.36,VALID
2019,Cardiovascular Disease,NY,2436.58,199,,,,VALID
2020,Cardiovascular Disease,NY,4105.93,117,2436.58,1669.35,68.51,MISSING_STATES
2021,Cardiovascular Disease,NY,2245.2,202,4105.93,-1860.73,-45.32,VALID
2019,Diabetes,NY,735.25,83,,,,VALID
2020,Diabetes,NY,1101.88,85,735.25,366.63,49.86,VALID
2021,Diabetes,NY,936.21,84,1101.88,-165.67,-15.04,VALID
2022,Diabetes,NY,13.2,20,936.21,-923.01,-98.59,LOW_RECORDS
2019,Asthma,OH,19.68,37,,,,VALID
2020,Asthma,OH,21.49,37,19.68,1.81,9.2,VALID
2021,Asthma,OH,19.55,39,21.49,-1.94,-9.03,VALID
2022,Asthma,OH,12.76,18,19.55,-6.79,-34.73,LOW_RECORDS
2015,Cancer,OH,2293.84,144,,,,MISSING_STATES
2016,Cancer,OH,2274.55,144,2293.84,-19.29,-0.84,MISSING_STATES
2020,Cancer,OH,73.19,32,2274.55,-2201.36,-96.78,VALID
2022,Cancer,OH,60.2,20,73.19,-12.99,-17.75,VALID
2019,Cardiovascular Disease,OH,1868.81,177,,,,VALID
2020,Cardiovascular Disease,OH,2964.54,108,1868.81,1095.73,58.63,MISSING_STATES
2021,Cardiovascular Disease,OH,1773.02,187,2964.54,-1191.52,-40.19,VALID
2019,Diabetes,OH,781.25,66,,,,VALID
2020,Diabetes,OH,973.2,66,781.25,191.95,24.57,VALID
2021,Diabetes,OH,1032.39,65,973.2,59.19,6.08,VALID
2022,Diabetes,OH,13.03,18,1032.39,-1019.36,-98.74,LOW_RECORDS
2019,Asthma,OK,12.86,29,,,,VALID
2020,Asthma,OK,13.29,34,12.86,0.43,3.34,VALID
2021,Asthma,OK,12.96,29,13.29,-0.33,-2.48,VALID
2022,Asthma,OK,12.65,19,12.96,-0.31,-2.39,LOW_RECORDS
2015,Cancer,OK,736.51,150,,,,MISSING_STATES
2016,Cancer,OK,703.5,156,736.51,-33.01,-4.48,MISSING_STATES
2020,Cancer,OK,66.32,37,703.5,-637.18,-90.57,VALID
2022,Cancer,OK,51.96,20,66.32,-14.36,-21.65,VALID
2019,Cardiovascular Disease,OK,566.43,204,,,,VALID
2020,Cardiovascular Disease,OK,899.39,123,566.43,332.96,58.78,MISSING_STATES
2021,Cardiovascular Disease,OK,586.6,199,899.39,-312.79,-34.78,VALID
2019,Diabetes,OK,440.95,70,,,,VALID
2020,Diabetes,OK,552.13,76,440.95,111.18,25.21,VALID
2021,Diabetes,OK,576.17,82,552.13,24.04,4.35,VALID
2022,Diabetes,OK,13.75,19,576.17,-562.42,-97.61,LOW_RECORDS
2019,Asthma,OR,13.16,27,,,,VALID
2020,Asthma,OR,12.76,28,13.16,-0.4,-3.04,VALID
2021,Asthma,OR,15.91,30,12.76,3.15,24.69,VALID
2022,Asthma,OR,12.55,16,15.91,-3.36,-21.12,LOW_RECORDS
2015,Cancer,OR,788.51,144,,,,MISSING_STATES
2016,Cancer,OR,777.36,144,788.51,-11.15,-1.41,MISSING_STATES
2020,Cancer,OR,72.09,21,777.36,-705.27,-90.73,VALID
2022,Cancer,OR,61.96,16,72.09,-10.13,-14.05,VALID
2019,Cardiovascular Disease,OR,422.98,196,,,,VALID
2020,Cardiovascular Disease,OR,634.63,123,422.98,211.65,50.04,MISSING_STATES
2021,Cardiovascular Disease,OR,452.89,191,634.63,-181.74,-28.64,VALID
2019,Diabetes,OR,295.24,75,,,,VALID
2020,Diabetes,OR,338.15,76,295.24,42.91,14.53,VALID
2021,Diabetes,OR,376.98,77,338.15,38.83,11.48,VALID
2022,Diabetes,OR,11.39,15,376.98,-365.59,-96.98,LOW_RECORDS
2019,Asthma,PA,18.74,35,,,,VALID
2020,Asthma,PA,24.2,35,18.74,5.46,29.14,VALID
2021,Asthma,PA,21.3,35,24.2,-2.9,-11.98,VALID
2022,Asthma,PA,11.29,15,21.3,-10.01,-47.0,LOW_RECORDS
2015,Cancer,PA,2618.14,144,,,,MISSING_STATES
2016,Cancer,PA,2573.15,144,2618.14,-44.99,-1.72,MISSING_STATES
2020,Cancer,PA,76.22,26,2573.15,-2496.93,-97.04,VALID
2022,Cancer,PA,63.76,16,76.22,-12.46,-16.35,VALID
2019,Cardiovascular Disease,PA,2094.06,175,,,,VALID
2020,Cardiovascular Disease,PA,3215.96,108,2094.06,1121.9,53.58,MISSING_STATES
2021,Cardiovascular Disease,PA,1981.14,180,3215.96,-1234.82,-38.4,VALID
2019,Diabetes,PA,696.47,69,,,,VALID
2020,Diabetes,PA,841.47,76,696.47,145.0,20.82,VALID
2021,Diabetes,PA,855.78,74,841.47,14.31,1.7,VALID
2022,Diabetes,PA,12.24,15,855.78,-843.54,-98.57,LOW_RECORDS
2019,Asthma,PR,10.73,10,,,,VALID
2020,Asthma,PR,10.47,10,10.73,-0.26,-2.42,VALID
2021,Asthma,PR,11.44,10,10.47,0.97,9.26,VALID
2022,Asthma,PR,12.36,11,11.44,0.92,8.04,LOW_RECORDS
2015,Cancer,PR,217290.96,9,,,,MISSING_STATES
2016,Cancer,PR,214746.91,9,217290.96,-2544.05,-1.17,MISSING_STATES
2020,Cancer,PR,74.88,16,214746.91,-214672.03,-99.97,VALID
2022,Cancer,PR,61.11,12,74.88,-13.77,-18.39,VALID
2019,Cardiovascular Disease,PR,49.47,44,,,,VALID
2021,Cardiovascular Disease,PR,52.53,44,49.47,3.06,6.19,VALID
2019,Diabetes,PR,15.57,13,,,,VALID
2020,Diabetes,PR,15.15,13,15.57,-0.42,-2.7,VALID
2021,Diabetes,PR,15.86,13,15.15,0.71,4.69,VALID
2022,Diabetes,PR,17.82,11,15.86,1.96,12.36,LOW_RECORDS
2019,Asthma,RI,12.79,15,,,,VALID
2020,Asthma,RI,14.56,16,12.79,1.77,13.84,VALID
2021,Asthma,RI,14.5,16,14.56,-0.06,-0.41,VALID
2022,Asthma,RI,13.82,16,14.5,-0.68,-4.69,LOW_RECORDS
2015,Cancer,RI,320.1,123,,,,MISSING_STATES
2016,Cancer,RI,297.44,129,320.1,-22.66,-7.08,MISSING_STATES
2020,Cancer,RI,77.34,26,297.44,-220.1,-74.0,VALID
2022,Cancer,RI,70.24,16,77.34,-7.1,-9.18,VALID
2019,Cardiovascular Disease,RI,235.19,156,,,,VALID
2020,Cardiovascular Disease,RI,344.94,89,235.19,109.75,46.66,MISSING_STATES
2021,Cardiovascular Disease,RI,228.17,156,344.94,-116.77,-33.85,VALID
2019,Diabetes,RI,111.9,49,,,,VALID
2020,Diabetes,RI,177.38,43,111.9,65.48,58.52,VALID
2021,Diabetes,RI,141.01,43,177.38,-36.37,-20.5,VALID
2022,Diabetes,RI,12.18,18,141.01,-128.83,-91.36,LOW_RECORDS
2019,Asthma,SC,12.02,27,,,,VALID
2020,Asthma,SC,14.25,31,12.02,2.23,18.55,VALID
2021,Asthma,SC,12.3,35,14.25,-1.95,-13.68,VALID
2022,Asthma,SC,9.66,17,12.3,-2.64,-21.46,LOW_RECORDS
2015,Cancer,SC,1019.86,138,,,,MISSING_STATES
2016,Cancer,SC,1019.33,138,1019.86,-0.53,-0.05,MISSING_STATES
2020,Cancer,SC,76.0,22,1019.33,-943.33,-92.54,VALID
2022,Cancer,SC,62.5,20,76.0,-13.5,-17.76,VALID
2019,Cardiovascular Disease,SC,745.72,166,,,,VALID
2020,Cardiovascular Disease,SC,1219.38,99,745.72,473.66,63.52,MISSING_STATES
2021,Cardiovascular Disease,SC,737.5,180,1219.38,-481.88,-39.52,VALID
2019,Diabetes,SC,333.65,66,,,,VALID
2020,Diabetes,SC,502.13,62,333.65,168.48,50.5,VALID
2021,Diabetes,SC,618.06,64,502.13,115.93,23.09,VALID
2022,Diabetes,SC,13.31,19,618.06,-604.75,-97.85,LOW_RECORDS
2019,Asthma,SD,9.42,12,,,,VALID
2020,Asthma,SD,9.53,12,9.42,0.11,1.17,VALID
2021,Asthma,SD,10.43,13,9.53,0.9,9.44,VALID
2022,Asthma,SD,8.81,13,10.43,-1.62,-15.53,LOW_RECORDS
2015,Cancer,SD,283.9,111,,,,MISSING_STATES
2016,Cancer,SD,284.76,111,283.9,0.86,0.3,MISSING_STATES
2020,Cancer,SD,73.6,27,284.76,-211.16,-74.15,VALID
2022,Cancer,SD,59.15,20,73.6,-14.45,-19.63,VALID
2019,Cardiovascular Disease,SD,203.8,130,,,,VALID
2020,Cardiovascular Disease,SD,310.54,76,203.8,106.74,52.37,MISSING_STATES
2021,Cardiovascular Disease,SD,182.2,141,310.54,-128.34,-41.33,VALID
2019,Diabetes,SD,145.87,43,,,,VALID
2020,Diabetes,SD,210.1,44,145.87,64.23,44.03,VALID
2021,Diabetes,SD,160.93,51,210.1,-49.17,-23.4,VALID
2022,Diabetes,SD,10.49,14,160.93,-150.44,-93.48,LOW_RECORDS
2019,Asthma,TN,12.7,36,,,,VALID
2020,Asthma,TN,15.93,34,12.7,3.23,25.43,VALID
2021,Asthma,TN,15.3,37,15.93,-0.63,-3.95,VALID
2022,Asthma,TN,13.15,15,15.3,-2.15,-14.05,LOW_RECORDS
2015,Cancer,TN,1373.57,138,,,,MISSING_STATES
2016,Cancer,TN,1366.49,138,1373.57,-7.08,-0.52,MISSING_STATES
2020,Cancer,TN,74.21,22,1366.49,-1292.28,-94.57,VALID
2022,Cancer,TN,58.44,16,74.21,-15.77,-21.25,VALID
2019,Cardiovascular Disease,TN,1075.71,174,,,,VALID
2020,Cardiovascular Disease,TN,1736.66,105,1075.71,660.95,61.44,MISSING_STATES
2021,Cardiovascular Disease,TN,1136.95,169,1736.66,-599.71,-34.53,VALID
2019,Diabetes,TN,470.26,69,,,,VALID
2020,Diabetes,TN,607.49,68,470.26,137.23,29.18,VALID
2021,Diabetes,TN,669.74,67,607.49,62.25,10.25,VALID
2022,Diabetes,TN,15.98,17,669.74,-653.76,-97.61,LOW_RECORDS
2019,Asthma,TX,24.11,39,,,,VALID
2020,Asthma,TX,29.7,38,24.11,5.59,23.19,VALID
2021,Asthma,TX,34.12,40,29.7,4.42,14.88,VALID
2022,Asthma,TX,8.72,17,34.12,-25.4,-74.44,LOW_RECORDS
2015,Cancer,TX,3554.88,153,,,,MISSING_STATES
2016,Cancer,TX,3585.16,153,3554.88,30.28,0.85,MISSING_STATES
2020,Cancer,TX,68.56,36,3585.16,-3516.6,-98.09,VALID
2022,Cancer,TX,58.62,26,68.56,-9.94,-14.5,VALID
2019,Cardiovascular Disease,TX,2531.26,201,,,,VALID
2020,Cardiovascular Disease,TX,4107.48,123,2531.26,1576.22,62.27,MISSING_STATES
2021,Cardiovascular Disease,TX,2613.07,201,4107.48,-1494.41,-36.38,VALID
2019,Diabetes,TX,1286.68,77,,,,VALID
2020,Diabetes,TX,1801.2,80,1286.68,514.52,39.99,VALID
2021,Diabetes,TX,1960.56,78,1801.2,159.36,8.85,VALID
2022,Diabetes,TX,13.74,18,1960.56,-1946.82,-99.3,LOW_RECORDS
2019,Asthma,US,316.25,45,,,,VALID
2020,Asthma,US,341.89,49,316.25,25.64,8.11,VALID
2021,Asthma,US,309.48,46,341.89,-32.41,-9.48,VALID
2022,Asthma,US,10.37,23,309.48,-299.11,-96.65,LOW_RECORDS
2015,Cancer,US,32047.38,159,,,,MISSING_STATES
2016,Cancer,US,31866.51,159,32047.38,-180.87,-0.56,MISSING_STATES
2020,Cancer,US,73.28,31,31866.51,-31793.23,-99.77,VALID
2022,Cancer,US,61.33,36,73.28,-11.95,-16.31,VALID
2019,Cardiovascular Disease,US,35608.53,199,,,,VALID
2020,Cardiovascular Disease,US,52529.38,132,35608.53,16920.85,47.52,MISSING_STATES
2021,Cardiovascular Disease,US,35331.1,201,52529.38,-17198.28,-32.74,VALID
2019,Diabetes,US,12422.02,93,,,,VALID
2020,Diabetes,US,17259.02,92,12422.02,4837.0,38.94,VALID
2021,Diabetes,US,17068.73,96,17259.02,-190.29,-1.1,VALID
2022,Diabetes,US,13.13,23,17068.73,-17055.6,-99.92,LOW_RECORDS
2019,Asthma,UT,10.38,20,,,,VALID
2020,Asthma,UT,12.25,20,10.38,1.87,18.02,VALID
2021,Asthma,UT,10.56,20,12.25,-1.69,-13.8,VALID
2022,Asthma,UT,11.55,16,10.56,0.99,9.38,LOW_RECORDS
2015,Cancer,UT,432.68,126,,,,MISSING_STATES
2016,Cancer,UT,438.07,126,432.68,5.39,1.25,MISSING_STATES
2020,Cancer,UT,68.4,22,438.07,-369.67,-84.39,VALID
2022,Cancer,UT,59.81,16,68.4,-8.59,-12.56,VALID
2019,Cardiovascular Disease,UT,246.64,165,,,,VALID
2020,Cardiovascular Disease,UT,396.54,102,246.64,149.9,60.78,MISSING_STATES
2021,Cardiovascular Disease,UT,248.48,178,396.54,-148.06,-37.34,VALID
2019,Diabetes,UT,150.36,63,,,,VALID
2020,Diabetes,UT,194.34,66,150.36,43.98,29.25,VALID
2021,Diabetes,UT,195.57,70,194.34,1.23,0.63,VALID
2022,Diabetes,UT,10.73,15,195.57,-184.84,-94.51,LOW_RECORDS
2019,Asthma,VA,14.88,38,,,,VALID
2020,Asthma,VA,17.53,37,14.88,2.65,17.81,VALID
2021,Asthma,VA,14.08,39,17.53,-3.45,-19.68,VALID
2022,Asthma,VA,10.98,17,14.08,-3.1,-22.02,LOW_RECORDS
2015,Cancer,VA,1355.26,147,,,,MISSING_STATES
2016,Cancer,VA,1355.9,147,1355.26,0.64,0.05,MISSING_STATES
2020,Cancer,VA,73.05,36,1355.9,-1282.85,-94.61,VALID
2022,Cancer,VA,63.15,22,73.05,-9.9,-13.55,VALID
2019,Cardiovascular Disease,VA,978.22,188,,,,VALID
2020,Cardiovascular Disease,VA,1565.78,111,978.22,587.56,60.06,MISSING_STATES
2021,Cardiovascular Disease,VA,986.28,191,1565.78,-579.5,-37.01,VALID
2019,Diabetes,VA,349.05,70,,,,VALID
2020,Diabetes,VA,448.91,72,349.05,99.86,28.61,VALID
2021,Diabetes,VA,487.27,75,448.91,38.36,8.55,VALID
2022,Diabetes,VA,13.03,19,487.27,-474.24,-97.33,LOW_RECORDS
2019,Asthma,VI,,0,,,,VALID
2020,Asthma,VI,,0,,,,VALID
2021,Asthma,VI,5.83,9,,,,VALID
2022,Asthma,VI,11.02,6,5.83,5.19,89.02,LOW_RECORDS
2020,Cancer,VI,,0,,,,VALID
2022,Cancer,VI,54.04,14,,,,VALID
2019,Cardiovascular Disease,VI,,0,,,,VALID
2021,Cardiovascular Disease,VI,44.39,58,,,,VALID
2019,Diabetes,VI,,0,,,,VALID
2020,Diabetes,VI,17.03,4,,,,VALID
2021,Diabetes,VI,15.39,9,17.03,-1.64,-9.63,VALID
2022,Diabetes,VI,15.88,11,15.39,0.49,3.18,LOW_RECORDS
2019,Asthma,VT,14.32,12,,,,VALID
2020,Asthma,VT,15.61,14,14.32,1.29,9.01,VALID
2021,Asthma,VT,13.36,11,15.61,-2.25,-14.41,VALID
2022,Asthma,VT,13.61,14,13.36,0.25,1.87,LOW_RECORDS
2015,Cancer,VT,281.35,96,,,,MISSING_STATES
2016,Cancer,VT,279.36,96,281.35,-1.99,-0.71,MISSING_STATES
2020,Cancer,VT,72.93,18,279.36,-206.43,-73.89,VALID
2022,Cancer,VT,55.81,18,72.93,-17.12,-23.47,VALID
2019,Cardiovascular Disease,VT,176.26,117,,,,VALID
2020,Cardiovascular Disease,VT,319.58,62,176.26,143.32,81.31,MISSING_STATES
2021,Cardiovascular Disease,VT,190.79,119,319.58,-128.79,-40.3,VALID
2019,Diabetes,VT,149.25,30,,,,VALID
2020,Diabetes,VT,182.34,29,149.25,33.09,22.17,VALID
2021,Diabetes,VT,181.79,30,182.34,-0.55,-0.3,VALID
2022,Diabetes,VT,9.99,13,181.79,-171.8,-94.5,LOW_RECORDS
2019,Asthma,WA,14.75,36,,,,VALID
2020,Asthma,WA,16.79,38,14.75,2.04,13.83,VALID
2021,Asthma,WA,15.08,38,16.79,-1.71,-10.18,VALID
2022,Asthma,WA,11.32,21,15.08,-3.76,-24.93,LOW_RECORDS
2015,Cancer,WA,1175.26,153,,,,MISSING_STATES
2016,Cancer,WA,1148.46,156,1175.26,-26.8,-2.28,MISSING_STATES
2020,Cancer,WA,67.95,40,1148.46,-1080.51,-94.08,VALID
2022,Cancer,WA,60.18,28,67.95,-7.77,-11.43,VALID
2019,Cardiovascular Disease,WA,643.0,216,,,,VALID
2020,Cardiovascular Disease,WA,998.4,132,643.0,355.4,55.27,MISSING_STATES
2021,Cardiovascular Disease,WA,646.93,221,998.4,-351.47,-35.2,VALID
2019,Diabetes,WA,346.7,82,,,,VALID
2020,Diabetes,WA,429.17,82,346.7,82.47,23.79,VALID
2021,Diabetes,WA,477.26,83,429.17,48.09,11.21,VALID
2022,Diabetes,WA,11.5,23,477.26,-465.76,-97.59,LOW_RECORDS
2019,Asthma,WI,16.62,28,,,,VALID
2020,Asthma,WI,16.67,35,16.62,0.05,0.3,VALID
2021,Asthma,WI,16.4,30,16.67,-0.27,-1.62,VALID
2022,Asthma,WI,13.32,19,16.4,-3.08,-18.78,LOW_RECORDS
2015,Cancer,WI,972.31,129,,,,MISSING_STATES
2016,Cancer,WI,971.1,129,972.31,-1.21,-0.12,MISSING_STATES
2020,Cancer,WI,71.04,28,971.1,-900.06,-92.68,VALID
2022,Cancer,WI,62.75,20,71.04,-8.29,-11.67,VALID
2019,Cardiovascular Disease,WI,761.11,179,,,,VALID
2020,Cardiovascular Disease,WI,1187.12,111,761.11,426.01,55.97,MISSING_STATES
2021,Cardiovascular Disease,WI,734.32,187,1187.12,-452.8,-38.14,VALID
2019,Diabetes,WI,384.64,69,,,,VALID
2020,Diabetes,WI,523.78,70,384.64,139.14,36.17,VALID
2021,Diabetes,WI,523.48,70,523.78,-0.3,-0.06,VALID
2022,Diabetes,WI,11.16,19,523.48,-512.32,-97.87,LOW_RECORDS
2019,Asthma,WV,13.86,14,,,,VALID
2020,Asthma,WV,15.03,12,13.86,1.17,8.44,VALID
2021,Asthma,WV,14.59,16,15.03,-0.44,-2.93,VALID
2022,Asthma,WV,15.88,14,14.59,1.29,8.84,LOW_RECORDS
2015,Cancer,WV,630.94,108,,,,MISSING_STATES
2016,Cancer,WV,625.32,108,630.94,-5.62,-0.89,MISSING_STATES
2020,Cancer,WV,69.99,18,625.32,-555.33,-88.81,VALID
2022,Cancer,WV,68.58,14,69.99,-1.41,-2.01,VALID
2019,Cardiovascular Disease,WV,493.3,136,,,,VALID
2020,Cardiovascular Disease,WV,775.78,78,493.3,282.48,57.26,MISSING_STATES
2021,Cardiovascular Disease,WV,466.15,144,775.78,-309.63,-39.91,VALID
2019,Diabetes,WV,295.62,43,,,,VALID
2020,Diabetes,WV,294.99,52,295.62,-0.63,-0.21,VALID
2021,Diabetes,WV,328.33,55,294.99,33.34,11.3,VALID
2022,Diabetes,WV,18.17,15,328.33,-310.16,-94.47,LOW_RECORDS
2019,Asthma,WY,10.45,12,,,,VALID
2020,Asthma,WY,10.89,12,10.45,0.44,4.21,VALID
2021,Asthma,WY,12.49,14,10.89,1.6,14.69,VALID
2022,Asthma,WY,10.58,13,12.49,-1.91,-15.29,LOW_RECORDS
2015,Cancer,WY,198.61,108,,,,MISSING_STATES
2016,Cancer,WY,199.17,108,198.61,0.56,0.28,MISSING_STATES
2020,Cancer,WY,64.12,20,199.17,-135.05,-67.81,VALID
2022,Cancer,WY,54.08,14,64.12,-10.04,-15.66,VALID
2019,Cardiovascular Disease,WY,136.81,118,,,,VALID
2020,Cardiovascular Disease,WY,214.05,71,136.81,77.24,56.46,MISSING_STATES
2021,Cardiovascular Disease,WY,136.4,122,214.05,-77.65,-36.28,VALID
2019,Diabetes,WY,109.14,38,,,,VALID
2020,Diabetes,WY,125.78,45,109.14,16.64,15.25,VALID
2021,Diabetes,WY,132.74,47,125.78,6.96,5.53,VALID
2022,Diabetes,WY,11.03,15,132.74,-121.71,-91.69,LOW_RECORDS
